<?xml version="1.0" encoding="utf-8"?>
<EmoticonSet>
    <name>推荐</name>
    <parentId>563b0f510cf2361f2e3dd1ef</parentId>
    <stickType>2</stickType>
    <line>2</line>
    <row>4</row>
    <iconUri>2.i</iconUri>
    <iconUrl>http://prdimg.mo-image.com/image/c56/00e/fb3c5b4da4c568dc9be96e00e0399122.png</iconUrl>
    <iconName />
    <isShowDelBtn />
    <itemPadding />
    <horizontalSpacing />
    <verticalSpacing />
    <updateAt>1463710542752</updateAt>
    <EmoticonBeans>
        <EmoticonBean>
            <stickType>1</stickType>
            <stickerid>573d589d0cf26a981050615f</stickerid>
            <iconUrl>http://prdimg.mo-image.com/image/822/c2c/9f00a75e72822cb5920ad8c2c60b409e.png</iconUrl>
            <gifUrl>http://prdimg.mo-image.com/image/933/56d/297593c3ac93325ae1941b56d452b40d.png</gifUrl>
            <zoom>65</zoom>
        </EmoticonBean>
        <EmoticonBean>
            <stickType>1</stickType>
            <stickerid>573d59e20cf26a981050616d</stickerid>
            <iconUrl>http://prdimg.mo-image.com/image/91f/06e/26e1cb1f4d91fda59ef64c06ec19aa81.png</iconUrl>
            <gifUrl>http://prdimg.mo-image.com/image/823/213/56337a28c1823c6c4c42e0213ca39bb6.png</gifUrl>
            <zoom>65</zoom>
        </EmoticonBean>
        <EmoticonBean>
            <stickType>1</stickType>
            <stickerid>573d9c500cf26a98105063f9</stickerid>
            <iconUrl>http://prdimg.mo-image.com/image/550/f0f/088a99baa7550d0b4b4867f0fa067e6f.png</iconUrl>
            <gifUrl>http://prdimg.mo-image.com/image/998/aef/9c052e4896998f025d3832aeffe7e026.png</gifUrl>
            <zoom>65</zoom>
        </EmoticonBean>
        <EmoticonBean>
            <stickType>1</stickType>
            <stickerid>573d9c260cf26a98105063f7</stickerid>
            <iconUrl>http://prdimg.mo-image.com/image/b38/d6a/1ac9963ed8b38e07b31530d6aaa223ed.png</iconUrl>
            <gifUrl>http://prdimg.mo-image.com/image/66e/452/b57e84c0dc66e6736e1d9d45258232fc.png</gifUrl>
            <zoom>65</zoom>
        </EmoticonBean>
        <EmoticonBean>
            <stickType>1</stickType>
            <stickerid>573d9bf80cf26a98105063f5</stickerid>
            <iconUrl>http://prdimg.mo-image.com/image/c5c/475/4b674b0dfec5cd9bfe6b4f4752467d6b.png</iconUrl>
            <gifUrl>http://prdimg.mo-image.com/image/a4a/432/08770d1da1a4af5dc29b1b432e4a5cb9.png</gifUrl>
            <zoom>65</zoom>
        </EmoticonBean>
        <EmoticonBean>
            <stickType>1</stickType>
            <stickerid>573d9bc50cf26a98105063f3</stickerid>
            <iconUrl>http://prdimg.mo-image.com/image/c51/fa5/9d6899a97ec51a9c3f644afa59eff5c2.png</iconUrl>
            <gifUrl>http://prdimg.mo-image.com/image/b57/b36/250653e565b572a6ac788cb3653815f7.png</gifUrl>
            <zoom>65</zoom>
        </EmoticonBean>
        <EmoticonBean>
            <stickType>1</stickType>
            <stickerid>573d9b670cf26a98105063ef</stickerid>
            <iconUrl>http://prdimg.mo-image.com/image/6f2/b4d/c12e558f1b6f21c7932905b4d2cb7289.png</iconUrl>
            <gifUrl>http://prdimg.mo-image.com/image/4f5/04f/2353cbde894f5fc3c2c85804fe86b8dc.png</gifUrl>
            <zoom>65</zoom>
        </EmoticonBean>
        <EmoticonBean>
            <stickType>1</stickType>
            <stickerid>573d9b370cf26a98105063ed</stickerid>
            <iconUrl>http://prdimg.mo-image.com/image/905/940/6398578d5b90542c5da0b59408ffa23f.png</iconUrl>
            <gifUrl>http://prdimg.mo-image.com/image/99a/e4d/2d947c406d99a92d5c403be4d48629e7.png</gifUrl>
            <zoom>65</zoom>
        </EmoticonBean>
        <EmoticonBean>
            <stickType>1</stickType>
            <stickerid>573aaadc0cf26a9810504a44</stickerid>
            <iconUrl>http://prdimg.mo-image.com/image/931/2d2/5f8fc4bfe99317163c3d4f2d2c9dd8b2.png</iconUrl>
            <gifUrl>http://prdimg.mo-image.com/image/63c/416/56be5e15a063c40279ee90416ebcecc5.png</gifUrl>
            <zoom>65</zoom>
        </EmoticonBean>
        <EmoticonBean>
            <stickType>1</stickType>
            <stickerid>573a8f5d0cf26a9810504939</stickerid>
            <iconUrl>http://prdimg.mo-image.com/image/f44/d12/0ccc35f37bf44480fcab59d1298dc5ce.png</iconUrl>
            <gifUrl>http://prdimg.mo-image.com/image/a3b/e9f/97f1bda4c4a3b0740269a7e9fd23081b.png</gifUrl>
            <zoom>65</zoom>
        </EmoticonBean>
        <EmoticonBean>
            <stickType>1</stickType>
            <stickerid>573a8e690cf26a9810504935</stickerid>
            <iconUrl>http://prdimg.mo-image.com/image/db2/296/754b090e38db2df26fa2972964a7af0b.png</iconUrl>
            <gifUrl>http://prdimg.mo-image.com/image/464/4ad/597eb91d3b4641d288710d4ad29050e8.png</gifUrl>
            <zoom>65</zoom>
        </EmoticonBean>
        <EmoticonBean>
            <stickType>1</stickType>
            <stickerid>573a832a0cf2ec81b9ea6715</stickerid>
            <iconUrl>http://prdimg.mo-image.com/image/653/d21/a535921b68653c83e2ef57d219b39bf3.png</iconUrl>
            <gifUrl>http://prdimg.mo-image.com/image/31c/a0a/481106a50031c8e3e0e568a0aa6c131b.png</gifUrl>
            <zoom>65</zoom>
        </EmoticonBean>
        <EmoticonBean>
            <stickType>1</stickType>
            <stickerid>573a7eb80cf2ec81b9ea66b4</stickerid>
            <iconUrl>http://prdimg.mo-image.com/image/dff/12a/e1542d7a85dff63676751312a390fc1f.png</iconUrl>
            <gifUrl>http://prdimg.mo-image.com/image/6d8/d27/2d3e3072746d8694735f57d27db70398.png</gifUrl>
            <zoom>65</zoom>
        </EmoticonBean>
        <EmoticonBean>
            <stickType>1</stickType>
            <stickerid>57359dc80cf2ff6a0a0efb1a</stickerid>
            <iconUrl>http://prdimg.mo-image.com/image/a9b/d29/00b83554d3a9b20abf339ad29faf43f6.png</iconUrl>
            <gifUrl>http://prdimg.mo-image.com/image/1ce/5da/70ead0e87b1ce0ff6e5dad5da2a07e68.png</gifUrl>
            <zoom>65</zoom>
        </EmoticonBean>
        <EmoticonBean>
            <stickType>1</stickType>
            <stickerid>5735a1870cf2ff6a0a0efb2b</stickerid>
            <iconUrl>http://prdimg.mo-image.com/image/0c8/c45/180c96d2f70c8d3b26a8d7c453d3c6be.png</iconUrl>
            <gifUrl>http://prdimg.mo-image.com/image/86a/b7c/cec4978abb86a5c30b3d4bb7c46d5f4b.png</gifUrl>
            <zoom>65</zoom>
        </EmoticonBean>
        <EmoticonBean>
            <stickType>1</stickType>
            <stickerid>5735a1320cf2ff6a0a0efb28</stickerid>
            <iconUrl>http://prdimg.mo-image.com/image/ae4/ee4/21d809187cae42717c0972ee4644c7a2.png</iconUrl>
            <gifUrl>http://prdimg.mo-image.com/image/186/9e2/53c15020221865e1e93a9f9e2510d6e8.png</gifUrl>
            <zoom>65</zoom>
        </EmoticonBean>
        <EmoticonBean>
            <stickType>1</stickType>
            <stickerid>5735a0450cf2ff6a0a0efb26</stickerid>
            <iconUrl>http://prdimg.mo-image.com/image/9f5/cc2/fc6deddc509f5755282313cc2d347869.png</iconUrl>
            <gifUrl>http://prdimg.mo-image.com/image/239/c2c/44a55e329c239897ddcdd0c2c36cd848.png</gifUrl>
            <zoom>65</zoom>
        </EmoticonBean>
        <EmoticonBean>
            <stickType>1</stickType>
            <stickerid>57359f9e0cf2ff6a0a0efb24</stickerid>
            <iconUrl>http://prdimg.mo-image.com/image/194/41a/9e94fccaee194ecc58d6fb41a56559c6.png</iconUrl>
            <gifUrl>http://prdimg.mo-image.com/image/ca4/e8c/e01513e691ca4a0288d8ffe8c5a5f031.png</gifUrl>
            <zoom>65</zoom>
        </EmoticonBean>
        <EmoticonBean>
            <stickType>1</stickType>
            <stickerid>57359c3f0cf2ff6a0a0efb0f</stickerid>
            <iconUrl>http://prdimg.mo-image.com/image/e55/61e/a65e15fcfce55966b40c1e61e0029873.png</iconUrl>
            <gifUrl>http://prdimg.mo-image.com/image/026/a75/f1c4b681ea026dda1100aaa750e74d0c.png</gifUrl>
            <zoom>65</zoom>
        </EmoticonBean>
        <EmoticonBean>
            <stickType>1</stickType>
            <stickerid>57359bfe0cf2ff6a0a0efb0d</stickerid>
            <iconUrl>http://prdimg.mo-image.com/image/a31/17e/a566c8ae86a31763013efd17e162fdee.png</iconUrl>
            <gifUrl>http://prdimg.mo-image.com/image/015/9ff/31114fd28b0150df4afebb9ff8e22eb3.png</gifUrl>
            <zoom>65</zoom>
        </EmoticonBean>
        <EmoticonBean>
            <stickType>1</stickType>
            <stickerid>5735a5240cf2ff6a0a0efb41</stickerid>
            <iconUrl>http://prdimg.mo-image.com/image/044/178/160d2e2cf6044fa64c884c17884dc34b.png</iconUrl>
            <gifUrl>http://prdimg.mo-image.com/image/f83/d2b/4ca6538143f83b515df4c1d2b348aa2e.png</gifUrl>
            <zoom>100</zoom>
        </EmoticonBean>
        <EmoticonBean>
            <stickType>1</stickType>
            <stickerid>56af09140cf28cd6853a12ec</stickerid>
            <iconUrl>http://prdimg.mo-image.com/image/206/171/d96cd050e12067fb0a4dfe171f19e37e.png</iconUrl>
            <gifUrl>http://prdimg.mo-image.com/image/2d1/dc9/066352bf4c2d1f934fabd8dc9e018a49.png</gifUrl>
            <zoom>65</zoom>
        </EmoticonBean>
        <EmoticonBean>
            <stickType>1</stickType>
            <stickerid>573598160cf2ff6a0a0efaee</stickerid>
            <iconUrl>http://prdimg.mo-image.com/image/79c/3fb/3a634fcaeb79c833d22ad83fb2066357.png</iconUrl>
            <gifUrl>http://prdimg.mo-image.com/image/b0c/63b/5792936a05b0c88e58864063b9ed8dbf.png</gifUrl>
            <zoom>65</zoom>
        </EmoticonBean>
        <EmoticonBean>
            <stickType>1</stickType>
            <stickerid>573597d60cf2ff6a0a0efaea</stickerid>
            <iconUrl>http://prdimg.mo-image.com/image/9d9/b77/542f49faf39d9f37eb32b4b7772343a4.png</iconUrl>
            <gifUrl>http://prdimg.mo-image.com/image/cb3/ebb/610f1e7db0cb31e7fdf1c5ebbbb8f6af.png</gifUrl>
            <zoom>65</zoom>
        </EmoticonBean>
    </EmoticonBeans>
</EmoticonSet>

